start.location,start.country,start.city,start.latitude,start.longitude,end.location,end.country,end.city,end.latitude,end.longitude,date,journey,number.of.letters,start.state,end.state
"USA, Oak Grove (WI)",USA,Oak Grove,43.386106,-88.74566,"DEU, Neubrunn (TH)",DEU,Neubrunn,50.49939,10.468045,1854-07-16,-88.74566 43.386106 -88.74566 43.386106,6,WI,TH
"USA, Oak Grove (WI)",USA,Oak Grove,43.386106,-88.74566,"DEU, Neubrunn (TH)",DEU,Neubrunn,50.49939,10.468045,1855-04-07,-88.74566 43.386106 -88.74566 43.386106,6,WI,TH
"USA, Oak Grove (WI)",USA,Oak Grove,43.386106,-88.74566,"DEU, Neubrunn (TH)",DEU,Neubrunn,50.49939,10.468045,1856-02-03,-88.74566 43.386106 -88.74566 43.386106,6,WI,TH
"USA, Oak Grove (WI)",USA,Oak Grove,43.386106,-88.74566,"DEU, Neubrunn (TH)",DEU,Neubrunn,50.49939,10.468045,1857-04-06,-88.74566 43.386106 -88.74566 43.386106,6,WI,TH
"USA, Oak Grove (WI)",USA,Oak Grove,43.386106,-88.74566,"DEU, Neubrunn (TH)",DEU,Neubrunn,50.49939,10.468045,1857-07-01,-88.74566 43.386106 -88.74566 43.386106,6,WI,TH
"USA, Oak Grove (WI)",USA,Oak Grove,43.386106,-88.74566,"DEU, Neubrunn (TH)",DEU,Neubrunn,50.49939,10.468045,1858-07-03,-88.74566 43.386106 -88.74566 43.386106,6,WI,TH
"USA, Edwardsville (IL)",USA,Edwardsville,38.811436,-89.953157,"DEU, Neubrunn (TH)",DEU,Neubrunn,50.49939,10.468045,1862-05-03,-89.953157 38.811436 -89.953157 38.811436,10,IL,TH
"USA, Edwardsville (IL)",USA,Edwardsville,38.811436,-89.953157,"DEU, Neubrunn (TH)",DEU,Neubrunn,50.49939,10.468045,1863-02-09,-89.953157 38.811436 -89.953157 38.811436,10,IL,TH
"USA, Edwardsville (IL)",USA,Edwardsville,38.811436,-89.953157,"DEU, Neubrunn (TH)",DEU,Neubrunn,50.49939,10.468045,1864-02-01,-89.953157 38.811436 -89.953157 38.811436,10,IL,TH
"USA, Edwardsville (IL)",USA,Edwardsville,38.811436,-89.953157,"DEU, Neubrunn (TH)",DEU,Neubrunn,50.49939,10.468045,1864-11-03,-89.953157 38.811436 -89.953157 38.811436,10,IL,TH
"USA, Edwardsville (IL)",USA,Edwardsville,38.811436,-89.953157,"DEU, Neubrunn (TH)",DEU,Neubrunn,50.49939,10.468045,1866-04-08,-89.953157 38.811436 -89.953157 38.811436,10,IL,TH
"USA, Edwardsville (IL)",USA,Edwardsville,38.811436,-89.953157,"DEU, Neubrunn (TH)",DEU,Neubrunn,50.49939,10.468045,1869-01-17,-89.953157 38.811436 -89.953157 38.811436,10,IL,TH
"USA, Edwardsville (IL)",USA,Edwardsville,38.811436,-89.953157,"DEU, Neubrunn (TH)",DEU,Neubrunn,50.49939,10.468045,1871-02-28,-89.953157 38.811436 -89.953157 38.811436,10,IL,TH
"USA, New York (NY)",USA,New York,40.712784,-74.005941000000007,"DEU, Limbach (SA)",DEU,Limbach,50.584022,12.252519,1874-01-29,-74.005941 40.712784 -74.005941 40.712784,260,NY,SA
"USA, Williamsburg (NY)",USA,Williamsburg,40.708116,-73.95707,"DEU, Limbach (SA)",DEU,Limbach,50.584022,12.252519,1874-07-01,-73.95707 40.708116 -73.95707 40.708116,3,NY,SA
"USA, Williamsburg (NY)",USA,Williamsburg,40.708116,-73.95707,"DEU, Limbach (SA)",DEU,Limbach,50.584022,12.252519,1874-09-20,-73.95707 40.708116 -73.95707 40.708116,3,NY,SA
"USA, Brooklyn (NY)",USA,Brooklyn,40.678178,-73.944158,"DEU, Limbach (SA)",DEU,Limbach,50.584022,12.252519,1874-12-20,-73.944158 40.678178 -73.944158 40.678178,48,NY,SA
"USA, Brooklyn (NY)",USA,Brooklyn,40.678178,-73.944158,"DEU, Limbach (SA)",DEU,Limbach,50.584022,12.252519,1875-05-05,-73.944158 40.678178 -73.944158 40.678178,48,NY,SA
"USA, San Francisco (CA)",USA,San Francisco,37.77493,-122.419416,"DEU, Limbach (SA)",DEU,Limbach,50.584022,12.252519,1875-10-01,-122.419416 37.77493 -122.419416 37.77493,40,CA,SA
"USA, San Francisco (CA)",USA,San Francisco,37.77493,-122.419416,"DEU, Limbach (SA)",DEU,Limbach,50.584022,12.252519,1877-02-06,-122.419416 37.77493 -122.419416 37.77493,40,CA,SA
"USA, San Francisco (CA)",USA,San Francisco,37.77493,-122.419416,"DEU, Limbach (SA)",DEU,Limbach,50.584022,12.252519,1877-03-30,-122.419416 37.77493 -122.419416 37.77493,40,CA,SA
"USA, San Francisco (CA)",USA,San Francisco,37.77493,-122.419416,"DEU, Limbach (SA)",DEU,Limbach,50.584022,12.252519,1881-05-29,-122.419416 37.77493 -122.419416 37.77493,40,CA,SA
"USA, San Francisco (CA)",USA,San Francisco,37.77493,-122.419416,"DEU, Limbach (SA)",DEU,Limbach,50.584022,12.252519,1881-10-30,-122.419416 37.77493 -122.419416 37.77493,40,CA,SA
"USA, Brooklyn (NY)",USA,Brooklyn,40.678178,-73.944158,"DEU, Limbach (SA)",DEU,Limbach,50.584022,12.252519,1866-09-02,-73.944158 40.678178 -73.944158 40.678178,48,NY,SA
"USA, Union Hill (NY)",USA,Union Hill,43.222841,-77.371658,"DEU, Limbach (SA)",DEU,Limbach,50.584022,12.252519,1867-02-02,-77.371658 43.222841 -77.371658 43.222841,1,NY,SA
"USA, New York (NY)",USA,New York,40.712784,-74.005941000000007,"DEU, Limbach (SA)",DEU,Limbach,50.584022,12.252519,1869-07-25,-74.005941 40.712784 -74.005941 40.712784,260,NY,SA
"USA, New York (NY)",USA,New York,40.712784,-74.005941000000007,"DEU, Limbach (SA)",DEU,Limbach,50.584022,12.252519,1870-02-07,-74.005941 40.712784 -74.005941 40.712784,260,NY,SA
"USA, New York (NY)",USA,New York,40.712784,-74.005941000000007,"DEU, Limbach (SA)",DEU,Limbach,50.584022,12.252519,1870-05-26,-74.005941 40.712784 -74.005941 40.712784,260,NY,SA
"USA, New York (NY)",USA,New York,40.712784,-74.005941000000007,"DEU, Limbach (SA)",DEU,Limbach,50.584022,12.252519,1870-10-30,-74.005941 40.712784 -74.005941 40.712784,260,NY,SA
"USA, New York (NY)",USA,New York,40.712784,-74.005941000000007,"DEU, Limbach (SA)",DEU,Limbach,50.584022,12.252519,1871-01-22,-74.005941 40.712784 -74.005941 40.712784,260,NY,SA
"USA, New York (NY)",USA,New York,40.712784,-74.005941000000007,"DEU, Limbach (SA)",DEU,Limbach,50.584022,12.252519,1871-07-30,-74.005941 40.712784 -74.005941 40.712784,260,NY,SA
"USA, New York (NY)",USA,New York,40.712784,-74.005941000000007,"DEU, Limbach (SA)",DEU,Limbach,50.584022,12.252519,1871-10-01,-74.005941 40.712784 -74.005941 40.712784,260,NY,SA
"USA, New York (NY)",USA,New York,40.712784,-74.005941000000007,"DEU, Limbach (SA)",DEU,Limbach,50.584022,12.252519,1872-01-28,-74.005941 40.712784 -74.005941 40.712784,260,NY,SA
"USA, New York (NY)",USA,New York,40.712784,-74.005941000000007,"DEU, Limbach (SA)",DEU,Limbach,50.584022,12.252519,1872-05-25,-74.005941 40.712784 -74.005941 40.712784,260,NY,SA
"USA, New York (NY)",USA,New York,40.712784,-74.005941000000007,"DEU, Limbach (SA)",DEU,Limbach,50.584022,12.252519,1872-07-31,-74.005941 40.712784 -74.005941 40.712784,260,NY,SA
"USA, New York (NY)",USA,New York,40.712784,-74.005941000000007,"DEU, Limbach (SA)",DEU,Limbach,50.584022,12.252519,1872-10-06,-74.005941 40.712784 -74.005941 40.712784,260,NY,SA
"USA, New York (NY)",USA,New York,40.712784,-74.005941000000007,"DEU, Limbach (SA)",DEU,Limbach,50.584022,12.252519,1873-01-12,-74.005941 40.712784 -74.005941 40.712784,260,NY,SA
"USA, New York (NY)",USA,New York,40.712784,-74.005941000000007,"DEU, Limbach (SA)",DEU,Limbach,50.584022,12.252519,1873-03-18,-74.005941 40.712784 -74.005941 40.712784,260,NY,SA
"USA, New York (NY)",USA,New York,40.712784,-74.005941000000007,"DEU, Limbach (SA)",DEU,Limbach,50.584022,12.252519,1873-04-10,-74.005941 40.712784 -74.005941 40.712784,260,NY,SA
"USA, New York (NY)",USA,New York,40.712784,-74.005941000000007,"DEU, Limbach (SA)",DEU,Limbach,50.584022,12.252519,1873-10-15,-74.005941 40.712784 -74.005941 40.712784,260,NY,SA
"USA, New York (NY)",USA,New York,40.712784,-74.005941000000007,"DEU, Limbach (SA)",DEU,Limbach,50.584022,12.252519,1873-12-10,-74.005941 40.712784 -74.005941 40.712784,260,NY,SA
"USA, San Francisco (CA)",USA,San Francisco,37.77493,-122.419416,"DEU, Limbach (SA)",DEU,Limbach,50.584022,12.252519,1880-05-21,-122.419416 37.77493 -122.419416 37.77493,40,CA,SA
"USA, San Francisco (CA)",USA,San Francisco,37.77493,-122.419416,"DEU, Limbach (SA)",DEU,Limbach,50.584022,12.252519,1880-08-01,-122.419416 37.77493 -122.419416 37.77493,40,CA,SA
"USA, San Francisco (CA)",USA,San Francisco,37.77493,-122.419416,"DEU, Limbach (SA)",DEU,Limbach,50.584022,12.252519,1881-03-01,-122.419416 37.77493 -122.419416 37.77493,40,CA,SA
"USA, San Francisco (CA)",USA,San Francisco,37.77493,-122.419416,"DEU, Limbach (SA)",DEU,Limbach,50.584022,12.252519,1882-05-08,-122.419416 37.77493 -122.419416 37.77493,40,CA,SA
"USA, San Francisco (CA)",USA,San Francisco,37.77493,-122.419416,"DEU, Limbach (SA)",DEU,Limbach,50.584022,12.252519,1883-12-03,-122.419416 37.77493 -122.419416 37.77493,40,CA,SA
"USA, San Francisco (CA)",USA,San Francisco,37.77493,-122.419416,"DEU, Limbach (SA)",DEU,Limbach,50.584022,12.252519,1887-05-08,-122.419416 37.77493 -122.419416 37.77493,40,CA,SA
"USA, San Francisco (CA)",USA,San Francisco,37.77493,-122.419416,"DEU, Limbach (SA)",DEU,Limbach,50.584022,12.252519,1904-01-30,-122.419416 37.77493 -122.419416 37.77493,40,CA,SA
"USA, Sonoma (CA)",USA,Sonoma,38.291859,-122.458036,"DEU, Limbach (SA)",DEU,Limbach,50.584022,12.252519,1913-01-09,-122.458036 38.291859 -122.458036 38.291859,3,CA,SA
"USA, Sonoma (CA)",USA,Sonoma,38.291859,-122.458036,"DEU, Limbach (SA)",DEU,Limbach,50.584022,12.252519,1914-06-15,-122.458036 38.291859 -122.458036 38.291859,3,CA,SA
"USA, Sonoma (CA)",USA,Sonoma,38.291859,-122.458036,"DEU, Limbach (SA)",DEU,Limbach,50.584022,12.252519,1915-01-06,-122.458036 38.291859 -122.458036 38.291859,3,CA,SA
"DEU, Oberweißbach (TH)",DEU,Oberweißbach,50.581574,11.142585,"USA, Brooklyn (NY)",USA,Brooklyn,40.678178,-73.944158,1898-08-20,11.142585 50.581574 11.142585 50.581574,1,TH,NY
"USA, Brooklyn (NY)",USA,Brooklyn,40.678178,-73.944158,"DEU, Oberweißbach (TH)",DEU,Oberweißbach,50.581574,11.142585,1903-07-08,-73.944158 40.678178 -73.944158 40.678178,48,NY,TH
"USA, Brooklyn (NY)",USA,Brooklyn,40.678178,-73.944158,"DEU, Oberweißbach (TH)",DEU,Oberweißbach,50.581574,11.142585,1887-09-12,-73.944158 40.678178 -73.944158 40.678178,48,NY,TH
"USA, Brooklyn (NY)",USA,Brooklyn,40.678178,-73.944158,"DEU, Oberweißbach (TH)",DEU,Oberweißbach,50.581574,11.142585,1888-01-17,-73.944158 40.678178 -73.944158 40.678178,48,NY,TH
"USA, Brooklyn (NY)",USA,Brooklyn,40.678178,-73.944158,"DEU, Oberweißbach (TH)",DEU,Oberweißbach,50.581574,11.142585,1902-01-27,-73.944158 40.678178 -73.944158 40.678178,48,NY,TH
"USA, Brooklyn (NY)",USA,Brooklyn,40.678178,-73.944158,"DEU, Oberweißbach (TH)",DEU,Oberweißbach,50.581574,11.142585,1920-01-10,-73.944158 40.678178 -73.944158 40.678178,48,NY,TH
"USA, Brooklyn (NY)",USA,Brooklyn,40.678178,-73.944158,"DEU, Oberweißbach (TH)",DEU,Oberweißbach,50.581574,11.142585,1894-06-15,-73.944158 40.678178 -73.944158 40.678178,48,NY,TH
"USA, Brooklyn (NY)",USA,Brooklyn,40.678178,-73.944158,"DEU, Oberweißbach (TH)",DEU,Oberweißbach,50.581574,11.142585,1902-09-17,-73.944158 40.678178 -73.944158 40.678178,48,NY,TH
"USA, Brooklyn (NY)",USA,Brooklyn,40.678178,-73.944158,"DEU, Oberweißbach (TH)",DEU,Oberweißbach,50.581574,11.142585,1902-10-19,-73.944158 40.678178 -73.944158 40.678178,48,NY,TH
"USA, Brooklyn (NY)",USA,Brooklyn,40.678178,-73.944158,"DEU, Oberweißbach (TH)",DEU,Oberweißbach,50.581574,11.142585,1903-01-13,-73.944158 40.678178 -73.944158 40.678178,48,NY,TH
"USA, Brooklyn (NY)",USA,Brooklyn,40.678178,-73.944158,"DEU, Oberweißbach (TH)",DEU,Oberweißbach,50.581574,11.142585,1906-12-10,-73.944158 40.678178 -73.944158 40.678178,48,NY,TH
"USA, Brooklyn (NY)",USA,Brooklyn,40.678178,-73.944158,"DEU, Oberweißbach (TH)",DEU,Oberweißbach,50.581574,11.142585,1907-05-11,-73.944158 40.678178 -73.944158 40.678178,48,NY,TH
"USA, Brooklyn (NY)",USA,Brooklyn,40.678178,-73.944158,"DEU, Oberweißbach (TH)",DEU,Oberweißbach,50.581574,11.142585,1915-10-11,-73.944158 40.678178 -73.944158 40.678178,48,NY,TH
"USA, Brooklyn (NY)",USA,Brooklyn,40.678178,-73.944158,"DEU, Oberweißbach (TH)",DEU,Oberweißbach,50.581574,11.142585,1915-11-17,-73.944158 40.678178 -73.944158 40.678178,48,NY,TH
"USA, Brooklyn (NY)",USA,Brooklyn,40.678178,-73.944158,"DEU, Oberweißbach (TH)",DEU,Oberweißbach,50.581574,11.142585,1916-05-16,-73.944158 40.678178 -73.944158 40.678178,48,NY,TH
"USA, Brooklyn (NY)",USA,Brooklyn,40.678178,-73.944158,"DEU, Oberweißbach (TH)",DEU,Oberweißbach,50.581574,11.142585,1890-03-07,-73.944158 40.678178 -73.944158 40.678178,48,NY,TH
"USA, Brooklyn (NY)",USA,Brooklyn,40.678178,-73.944158,"DEU, Oberweißbach (TH)",DEU,Oberweißbach,50.581574,11.142585,1890-03-17,-73.944158 40.678178 -73.944158 40.678178,48,NY,TH
"USA, Brooklyn (NY)",USA,Brooklyn,40.678178,-73.944158,"DEU, Oberweißbach (TH)",DEU,Oberweißbach,50.581574,11.142585,1891-07-24,-73.944158 40.678178 -73.944158 40.678178,48,NY,TH
"USA, Brooklyn (NY)",USA,Brooklyn,40.678178,-73.944158,"DEU, Oberweißbach (TH)",DEU,Oberweißbach,50.581574,11.142585,1892-01-21,-73.944158 40.678178 -73.944158 40.678178,48,NY,TH
"USA, Brooklyn (NY)",USA,Brooklyn,40.678178,-73.944158,"DEU, Oberweißbach (TH)",DEU,Oberweißbach,50.581574,11.142585,1892-12-24,-73.944158 40.678178 -73.944158 40.678178,48,NY,TH
"USA, Brooklyn (NY)",USA,Brooklyn,40.678178,-73.944158,"DEU, Oberweißbach (TH)",DEU,Oberweißbach,50.581574,11.142585,1895-05-09,-73.944158 40.678178 -73.944158 40.678178,48,NY,TH
"USA, Brooklyn (NY)",USA,Brooklyn,40.678178,-73.944158,"DEU, Oberweißbach (TH)",DEU,Oberweißbach,50.581574,11.142585,1896-03-19,-73.944158 40.678178 -73.944158 40.678178,48,NY,TH
"USA, Brooklyn (NY)",USA,Brooklyn,40.678178,-73.944158,"DEU, Oberweißbach (TH)",DEU,Oberweißbach,50.581574,11.142585,1896-06-26,-73.944158 40.678178 -73.944158 40.678178,48,NY,TH
"USA, Brooklyn (NY)",USA,Brooklyn,40.678178,-73.944158,"DEU, Oberweißbach (TH)",DEU,Oberweißbach,50.581574,11.142585,1896-10-24,-73.944158 40.678178 -73.944158 40.678178,48,NY,TH
"USA, Brooklyn (NY)",USA,Brooklyn,40.678178,-73.944158,"DEU, Oberweißbach (TH)",DEU,Oberweißbach,50.581574,11.142585,1897-07-30,-73.944158 40.678178 -73.944158 40.678178,48,NY,TH
"USA, Brooklyn (NY)",USA,Brooklyn,40.678178,-73.944158,"DEU, Oberweißbach (TH)",DEU,Oberweißbach,50.581574,11.142585,1897-10-05,-73.944158 40.678178 -73.944158 40.678178,48,NY,TH
"USA, Brooklyn (NY)",USA,Brooklyn,40.678178,-73.944158,"DEU, Oberweißbach (TH)",DEU,Oberweißbach,50.581574,11.142585,1898-01-23,-73.944158 40.678178 -73.944158 40.678178,48,NY,TH
"USA, Brooklyn (NY)",USA,Brooklyn,40.678178,-73.944158,"DEU, Oberweißbach (TH)",DEU,Oberweißbach,50.581574,11.142585,1898-04-29,-73.944158 40.678178 -73.944158 40.678178,48,NY,TH
"USA, Brooklyn (NY)",USA,Brooklyn,40.678178,-73.944158,"DEU, Oberweißbach (TH)",DEU,Oberweißbach,50.581574,11.142585,1898-11-06,-73.944158 40.678178 -73.944158 40.678178,48,NY,TH
"USA, Brooklyn (NY)",USA,Brooklyn,40.678178,-73.944158,"DEU, Oberweißbach (TH)",DEU,Oberweißbach,50.581574,11.142585,1899-06-12,-73.944158 40.678178 -73.944158 40.678178,48,NY,TH
"USA, Brooklyn (NY)",USA,Brooklyn,40.678178,-73.944158,"DEU, Oberweißbach (TH)",DEU,Oberweißbach,50.581574,11.142585,1902-11-16,-73.944158 40.678178 -73.944158 40.678178,48,NY,TH
"USA, Brooklyn (NY)",USA,Brooklyn,40.678178,-73.944158,"DEU, Oberweißbach (TH)",DEU,Oberweißbach,50.581574,11.142585,1902-12-16,-73.944158 40.678178 -73.944158 40.678178,48,NY,TH
"USA, Brooklyn (NY)",USA,Brooklyn,40.678178,-73.944158,"DEU, Oberweißbach (TH)",DEU,Oberweißbach,50.581574,11.142585,1903-02-13,-73.944158 40.678178 -73.944158 40.678178,48,NY,TH
"USA, Brooklyn (NY)",USA,Brooklyn,40.678178,-73.944158,"DEU, Oberweißbach (TH)",DEU,Oberweißbach,50.581574,11.142585,1905-12-10,-73.944158 40.678178 -73.944158 40.678178,48,NY,TH
"USA, Brooklyn (NY)",USA,Brooklyn,40.678178,-73.944158,"DEU, Oberweißbach (TH)",DEU,Oberweißbach,50.581574,11.142585,1916-08-27,-73.944158 40.678178 -73.944158 40.678178,48,NY,TH
"USA, Brooklyn (NY)",USA,Brooklyn,40.678178,-73.944158,"DEU, Oberweißbach (TH)",DEU,Oberweißbach,50.581574,11.142585,1906-09-08,-73.944158 40.678178 -73.944158 40.678178,48,NY,TH
"USA, Brooklyn (NY)",USA,Brooklyn,40.678178,-73.944158,"DEU, Oberweißbach (TH)",DEU,Oberweißbach,50.581574,11.142585,1907-06-18,-73.944158 40.678178 -73.944158 40.678178,48,NY,TH
"USA, Brooklyn (NY)",USA,Brooklyn,40.678178,-73.944158,"DEU, Oberweißbach (TH)",DEU,Oberweißbach,50.581574,11.142585,1915-01-01,-73.944158 40.678178 -73.944158 40.678178,48,NY,TH
"USA, Brooklyn (NY)",USA,Brooklyn,40.678178,-73.944158,"DEU, Oberweißbach (TH)",DEU,Oberweißbach,50.581574,11.142585,1915-11-04,-73.944158 40.678178 -73.944158 40.678178,48,NY,TH
"USA, Brooklyn (NY)",USA,Brooklyn,40.678178,-73.944158,"DEU, Oberweißbach (TH)",DEU,Oberweißbach,50.581574,11.142585,1916-01-01,-73.944158 40.678178 -73.944158 40.678178,48,NY,TH
"USA, Brooklyn (NY)",USA,Brooklyn,40.678178,-73.944158,"DEU, Oberweißbach (TH)",DEU,Oberweißbach,50.581574,11.142585,1916-03-19,-73.944158 40.678178 -73.944158 40.678178,48,NY,TH
"USA, Brooklyn (NY)",USA,Brooklyn,40.678178,-73.944158,"DEU, Oberweißbach (TH)",DEU,Oberweißbach,50.581574,11.142585,1919-07-16,-73.944158 40.678178 -73.944158 40.678178,48,NY,TH
"USA, Brooklyn (NY)",USA,Brooklyn,40.678178,-73.944158,"DEU, Oberweißbach (TH)",DEU,Oberweißbach,50.581574,11.142585,1919-07-22,-73.944158 40.678178 -73.944158 40.678178,48,NY,TH
"USA, Waterloo (WI)",USA,Waterloo,43.183884,-88.988442,"DEU, Roda (TH)",DEU,Roda,50.93123,11.016121,1854-10-22,-88.988442 43.183884 -88.988442 43.183884,2,WI,TH
"USA, Waterloo (WI)",USA,Waterloo,43.183884,-88.988442,"DEU, Roda (TH)",DEU,Roda,50.93123,11.016121,1855-06-17,-88.988442 43.183884 -88.988442 43.183884,2,WI,TH
"USA, Amherst, Portage Co. (WI)",USA,"Amherst, Portage Co.",44.450808,-89.284836,"DEU, Roda (TH)",DEU,Roda,50.93123,11.016121,1855-09-19,-89.284836 44.450808 -89.284836 44.450808,16,WI,TH
"USA, Amherst, Portage Co. (WI)",USA,"Amherst, Portage Co.",44.450808,-89.284836,"DEU, Roda (TH)",DEU,Roda,50.93123,11.016121,1860-02-14,-89.284836 44.450808 -89.284836 44.450808,16,WI,TH
"USA, Amherst, Portage Co. (WI)",USA,"Amherst, Portage Co.",44.450808,-89.284836,"DEU, Roda (TH)",DEU,Roda,50.93123,11.016121,1861-03-24,-89.284836 44.450808 -89.284836 44.450808,16,WI,TH
"USA, Amherst, Portage Co. (WI)",USA,"Amherst, Portage Co.",44.450808,-89.284836,"DEU, Roda (TH)",DEU,Roda,50.93123,11.016121,1862-02-02,-89.284836 44.450808 -89.284836 44.450808,16,WI,TH
"USA, Amherst, Portage Co. (WI)",USA,"Amherst, Portage Co.",44.450808,-89.284836,"DEU, Roda (TH)",DEU,Roda,50.93123,11.016121,1862-06-15,-89.284836 44.450808 -89.284836 44.450808,16,WI,TH
"USA, Amherst, Portage Co. (WI)",USA,"Amherst, Portage Co.",44.450808,-89.284836,"DEU, Roda (TH)",DEU,Roda,50.93123,11.016121,1862-12-26,-89.284836 44.450808 -89.284836 44.450808,16,WI,TH
"USA, Amherst, Portage Co. (WI)",USA,"Amherst, Portage Co.",44.450808,-89.284836,"DEU, Roda (TH)",DEU,Roda,50.93123,11.016121,1863-09-09,-89.284836 44.450808 -89.284836 44.450808,16,WI,TH
"USA, Amherst, Portage Co. (WI)",USA,"Amherst, Portage Co.",44.450808,-89.284836,"DEU, Roda (TH)",DEU,Roda,50.93123,11.016121,1864-11-13,-89.284836 44.450808 -89.284836 44.450808,16,WI,TH
"USA, Amherst, Portage Co. (WI)",USA,"Amherst, Portage Co.",44.450808,-89.284836,"DEU, Roda (TH)",DEU,Roda,50.93123,11.016121,1867-03-16,-89.284836 44.450808 -89.284836 44.450808,16,WI,TH
"USA, Amherst, Portage Co. (WI)",USA,"Amherst, Portage Co.",44.450808,-89.284836,"DEU, Roda (TH)",DEU,Roda,50.93123,11.016121,1867-05-06,-89.284836 44.450808 -89.284836 44.450808,16,WI,TH
"USA, Amherst, Portage Co. (WI)",USA,"Amherst, Portage Co.",44.450808,-89.284836,"DEU, Roda (TH)",DEU,Roda,50.93123,11.016121,1867-10-06,-89.284836 44.450808 -89.284836 44.450808,16,WI,TH
"USA, Amherst, Portage Co. (WI)",USA,"Amherst, Portage Co.",44.450808,-89.284836,"DEU, Roda (TH)",DEU,Roda,50.93123,11.016121,1868-02-09,-89.284836 44.450808 -89.284836 44.450808,16,WI,TH
"USA, Amherst, Portage Co. (WI)",USA,"Amherst, Portage Co.",44.450808,-89.284836,"DEU, Roda (TH)",DEU,Roda,50.93123,11.016121,1868-10-18,-89.284836 44.450808 -89.284836 44.450808,16,WI,TH
"USA, Amherst, Portage Co. (WI)",USA,"Amherst, Portage Co.",44.450808,-89.284836,"DEU, Roda (TH)",DEU,Roda,50.93123,11.016121,1872-10-20,-89.284836 44.450808 -89.284836 44.450808,16,WI,TH
"USA, Amherst, Portage Co. (WI)",USA,"Amherst, Portage Co.",44.450808,-89.284836,"DEU, Roda (TH)",DEU,Roda,50.93123,11.016121,1875-01-25,-89.284836 44.450808 -89.284836 44.450808,16,WI,TH
"USA, Amherst, Portage Co. (WI)",USA,"Amherst, Portage Co.",44.450808,-89.284836,"DEU, Roda (TH)",DEU,Roda,50.93123,11.016121,1875-05-26,-89.284836 44.450808 -89.284836 44.450808,16,WI,TH
"USA, Minneapolis (MN) (MN)",USA,Minneapolis  (MN),44.977753,-93.265011,"DEU, Apolda (TH)",DEU,Apolda,51.02601,11.51555,1902-06-12,-93.265011 44.977753 -93.265011 44.977753,2,MN,TH
"DEU, Gräfenthal (TH)",DEU,Gräfenthal,50.525772,11.310406,"USA, New York (NY)",USA,New York,40.712784,-74.005941000000007,1881-04-18,11.310406 50.525772 11.310406 50.525772,1,TH,NY
"DEU, Piesau (TH)",DEU,Piesau,50.512949,11.21717,"USA, New York (NY)",USA,New York,40.712784,-74.005941000000007,1880-10-27,11.21717 50.512949 11.21717 50.512949,2,TH,NY
"DEU, Piesau (TH)",DEU,Piesau,50.512949,11.21717,"USA, New York (NY)",USA,New York,40.712784,-74.005941000000007,1881-02-10,11.21717 50.512949 11.21717 50.512949,2,TH,NY
"USA, Austin (TX)",USA,Austin,30.267153,-97.743061,"DEU, Piesau (TH)",DEU,Piesau,50.512949,11.21717,1869-03-29,-97.743061 30.267153 -97.743061 30.267153,6,TX,TH
"USA, Austin (TX)",USA,Austin,30.267153,-97.743061,"DEU, Piesau (TH)",DEU,Piesau,50.512949,11.21717,1869-10-22,-97.743061 30.267153 -97.743061 30.267153,6,TX,TH
"USA, Austin (TX)",USA,Austin,30.267153,-97.743061,"DEU, Piesau (TH)",DEU,Piesau,50.512949,11.21717,1872-10-09,-97.743061 30.267153 -97.743061 30.267153,6,TX,TH
"USA, Austin (TX)",USA,Austin,30.267153,-97.743061,"DEU, Piesau (TH)",DEU,Piesau,50.512949,11.21717,1873-10-24,-97.743061 30.267153 -97.743061 30.267153,6,TX,TH
"USA, Austin (TX)",USA,Austin,30.267153,-97.743061,"DEU, Piesau (TH)",DEU,Piesau,50.512949,11.21717,1874-01-04,-97.743061 30.267153 -97.743061 30.267153,6,TX,TH
"USA, Austin (TX)",USA,Austin,30.267153,-97.743061,"DEU, Piesau (TH)",DEU,Piesau,50.512949,11.21717,1876-01-01,-97.743061 30.267153 -97.743061 30.267153,6,TX,TH
"USA, New York (NY)",USA,New York,40.712784,-74.005941000000007,"DEU, Piesau (TH)",DEU,Piesau,50.512949,11.21717,1880-09-01,-74.005941 40.712784 -74.005941 40.712784,260,NY,TH
"USA, New York (NY)",USA,New York,40.712784,-74.005941000000007,"DEU, Piesau (TH)",DEU,Piesau,50.512949,11.21717,1880-09-03,-74.005941 40.712784 -74.005941 40.712784,260,NY,TH
"USA, New York (NY)",USA,New York,40.712784,-74.005941000000007,"DEU, Piesau (TH)",DEU,Piesau,50.512949,11.21717,1880-09-26,-74.005941 40.712784 -74.005941 40.712784,260,NY,TH
"USA, New York (NY)",USA,New York,40.712784,-74.005941000000007,"DEU, Piesau (TH)",DEU,Piesau,50.512949,11.21717,1880-10-04,-74.005941 40.712784 -74.005941 40.712784,260,NY,TH
"USA, New York (NY)",USA,New York,40.712784,-74.005941000000007,"DEU, Piesau (TH)",DEU,Piesau,50.512949,11.21717,1880-10-29,-74.005941 40.712784 -74.005941 40.712784,260,NY,TH
"USA, New York (NY)",USA,New York,40.712784,-74.005941000000007,"DEU, Piesau (TH)",DEU,Piesau,50.512949,11.21717,1880-12-10,-74.005941 40.712784 -74.005941 40.712784,260,NY,TH
"USA, Brenham (TX)",USA,Brenham,30.166883,-96.397744,"DEU, Piesau (TH)",DEU,Piesau,50.512949,11.21717,1880-12-26,-96.397744 30.166883 -96.397744 30.166883,13,TX,TH
"USA, Brenham (TX)",USA,Brenham,30.166883,-96.397744,"DEU, Piesau (TH)",DEU,Piesau,50.512949,11.21717,1881-02-20,-96.397744 30.166883 -96.397744 30.166883,13,TX,TH
"USA, Brenham (TX)",USA,Brenham,30.166883,-96.397744,"DEU, Piesau (TH)",DEU,Piesau,50.512949,11.21717,1881-03-07,-96.397744 30.166883 -96.397744 30.166883,13,TX,TH
"USA, Brenham (TX)",USA,Brenham,30.166883,-96.397744,"DEU, Piesau (TH)",DEU,Piesau,50.512949,11.21717,1881-04-24,-96.397744 30.166883 -96.397744 30.166883,13,TX,TH
"USA, Brenham (TX)",USA,Brenham,30.166883,-96.397744,"DEU, Piesau (TH)",DEU,Piesau,50.512949,11.21717,1881-05-01,-96.397744 30.166883 -96.397744 30.166883,13,TX,TH
"USA, Brenham (TX)",USA,Brenham,30.166883,-96.397744,"DEU, Piesau (TH)",DEU,Piesau,50.512949,11.21717,1881-05-20,-96.397744 30.166883 -96.397744 30.166883,13,TX,TH
"USA, Brenham (TX)",USA,Brenham,30.166883,-96.397744,"DEU, Piesau (TH)",DEU,Piesau,50.512949,11.21717,1881-06-08,-96.397744 30.166883 -96.397744 30.166883,13,TX,TH
"USA, Brenham (TX)",USA,Brenham,30.166883,-96.397744,"DEU, Piesau (TH)",DEU,Piesau,50.512949,11.21717,1883-12-12,-96.397744 30.166883 -96.397744 30.166883,13,TX,TH
"DEU, Leipzig (SA)",DEU,Leipzig,51.410476,12.754026,"DEU, Leisnig (SA)",DEU,Leisnig,51.15772,12.928458,1881-08-01,12.754026 51.410476 12.754026 51.410476,1,SA,SA
"USA, Oliverea (NY)",USA,Oliverea,42.065369,-74.460152,"USA, New York (NY)",USA,New York,40.712784,-74.005941000000007,1957-05-01,-74.460152 42.065369 -74.460152 42.065369,1,NY,NY
"USA, Trenton (NJ)",USA,Trenton,40.217053,-74.742938,"DEU, Mühlhausen (TH)",DEU,Mühlhausen,51.209865,10.4571,1852-03-18,-74.742938 40.217053 -74.742938 40.217053,8,NJ,TH
"USA, Trenton (NJ)",USA,Trenton,40.217053,-74.742938,"DEU, Mühlhausen (TH)",DEU,Mühlhausen,51.209865,10.4571,1853-02-07,-74.742938 40.217053 -74.742938 40.217053,8,NJ,TH
"USA, Trenton (NJ)",USA,Trenton,40.217053,-74.742938,"DEU, Mühlhausen (TH)",DEU,Mühlhausen,51.209865,10.4571,1856-11-28,-74.742938 40.217053 -74.742938 40.217053,8,NJ,TH
"USA, Trenton (NJ)",USA,Trenton,40.217053,-74.742938,"DEU, Mühlhausen (TH)",DEU,Mühlhausen,51.209865,10.4571,1860-04-29,-74.742938 40.217053 -74.742938 40.217053,8,NJ,TH
"USA, Trenton (NJ)",USA,Trenton,40.217053,-74.742938,"DEU, Mühlhausen (TH)",DEU,Mühlhausen,51.209865,10.4571,1861-03-03,-74.742938 40.217053 -74.742938 40.217053,8,NJ,TH
"USA, Trenton (NJ)",USA,Trenton,40.217053,-74.742938,"DEU, Mühlhausen (TH)",DEU,Mühlhausen,51.209865,10.4571,1861-11-10,-74.742938 40.217053 -74.742938 40.217053,8,NJ,TH
"USA, Trenton (NJ)",USA,Trenton,40.217053,-74.742938,"DEU, Mühlhausen (TH)",DEU,Mühlhausen,51.209865,10.4571,1862-06-05,-74.742938 40.217053 -74.742938 40.217053,8,NJ,TH
"USA, Trenton (NJ)",USA,Trenton,40.217053,-74.742938,"DEU, Mühlhausen (TH)",DEU,Mühlhausen,51.209865,10.4571,1868-06-03,-74.742938 40.217053 -74.742938 40.217053,8,NJ,TH
"DEU, Erfurt (TH)",DEU,Erfurt,50.984768,11.02988,"DEU, Mühlhausen (TH)",DEU,Mühlhausen,51.209865,10.4571,1841-05-07,11.02988 50.984768 11.02988 50.984768,2,TH,TH
"USA, Perry (OK)",USA,Perry,36.289486,-97.288098,"DEU, Jena (TH)",DEU,Jena,50.927054,11.589237,1926-02-24,-97.288098 36.289486 -97.288098 36.289486,2,OK,TH
"USA, Shamrock (OK)",USA,Shamrock,35.910069,-96.583905,"DEU, Jena (TH)",DEU,Jena,50.927054,11.589237,1926-04-05,-96.583905 35.910069 -96.583905 35.910069,1,OK,TH
"USA, Perry (OK)",USA,Perry,36.289486,-97.288098,"DEU, Jena (TH)",DEU,Jena,50.927054,11.589237,1926-05-22,-97.288098 36.289486 -97.288098 36.289486,2,OK,TH
"USA, Midford (OK)",USA,Midford,36.806973,-97.733664,"DEU, Jena (TH)",DEU,Jena,50.927054,11.589237,1926-06-30,-97.733664 36.806973 -97.733664 36.806973,1,OK,TH
"USA, Wellington (KS)",USA,Wellington,37.2653,-97.371712,"DEU, Jena (TH)",DEU,Jena,50.927054,11.589237,1926-10-22,-97.371712 37.2653 -97.371712 37.2653,1,KS,TH
"USA, Rochester (NY)",USA,Rochester,43.16103,-77.610922,"DEU, Jena (TH)",DEU,Jena,50.927054,11.589237,1947-06-11,-77.610922 43.16103 -77.610922 43.16103,9,NY,TH
"USA, Rochester (NY)",USA,Rochester,43.16103,-77.610922,"DEU, Jena (TH)",DEU,Jena,50.927054,11.589237,1947-10-06,-77.610922 43.16103 -77.610922 43.16103,9,NY,TH
"USA, Rochester (NY)",USA,Rochester,43.16103,-77.610922,"DEU, Jena (TH)",DEU,Jena,50.927054,11.589237,1928-05-30,-77.610922 43.16103 -77.610922 43.16103,9,NY,TH
"USA, Rochester (NY)",USA,Rochester,43.16103,-77.610922,"DEU, Jena (TH)",DEU,Jena,50.927054,11.589237,1928-06-26,-77.610922 43.16103 -77.610922 43.16103,9,NY,TH
"USA, Rochester (NY)",USA,Rochester,43.16103,-77.610922,"DEU, Jena (TH)",DEU,Jena,50.927054,11.589237,1928-09-09,-77.610922 43.16103 -77.610922 43.16103,9,NY,TH
"USA, Rochester (NY)",USA,Rochester,43.16103,-77.610922,"DEU, Jena (TH)",DEU,Jena,50.927054,11.589237,1928-12-16,-77.610922 43.16103 -77.610922 43.16103,9,NY,TH
"USA, Rochester (NY)",USA,Rochester,43.16103,-77.610922,"DEU, Jena (TH)",DEU,Jena,50.927054,11.589237,1929-05-03,-77.610922 43.16103 -77.610922 43.16103,9,NY,TH
"USA, Rochester (NY)",USA,Rochester,43.16103,-77.610922,"DEU, Jena (TH)",DEU,Jena,50.927054,11.589237,1930-07-21,-77.610922 43.16103 -77.610922 43.16103,9,NY,TH
"USA, Pittsburgh (PN)",USA,Pittsburgh,40.440625,-79.995886,"DEU, Jena (TH)",DEU,Jena,50.927054,11.589237,1932-07-29,-79.995886 40.440625 -79.995886 40.440625,7,PN,TH
"USA, Pittsburgh (PN)",USA,Pittsburgh,40.440625,-79.995886,"DEU, Jena (TH)",DEU,Jena,50.927054,11.589237,1932-12-07,-79.995886 40.440625 -79.995886 40.440625,7,PN,TH
"USA, Pittsburgh (PN)",USA,Pittsburgh,40.440625,-79.995886,"DEU, Jena (TH)",DEU,Jena,50.927054,11.589237,1933-08-03,-79.995886 40.440625 -79.995886 40.440625,7,PN,TH
"USA, Pittsburgh (PN)",USA,Pittsburgh,40.440625,-79.995886,"DEU, Jena (TH)",DEU,Jena,50.927054,11.589237,1934-06-26,-79.995886 40.440625 -79.995886 40.440625,7,PN,TH
"USA, Pittsburgh (PN)",USA,Pittsburgh,40.440625,-79.995886,"DEU, Jena (TH)",DEU,Jena,50.927054,11.589237,1935-02-09,-79.995886 40.440625 -79.995886 40.440625,7,PN,TH
"USA, Pittsburgh (PN)",USA,Pittsburgh,40.440625,-79.995886,"DEU, Jena (TH)",DEU,Jena,50.927054,11.589237,1937-12-19,-79.995886 40.440625 -79.995886 40.440625,7,PN,TH
"USA, Brownfield (TX)",USA,Brownfield,33.181204,-102.274349,"DEU, Jena (TH)",DEU,Jena,50.927054,11.589237,1938-12-10,-102.274349 33.181204 -102.274349 33.181204,1,TX,TH
"USA, Plainview (TX)",USA,Plainview,34.184794,-101.706842,"DEU, Jena (TH)",DEU,Jena,50.927054,11.589237,1947-05-15,-101.706842 34.184794 -101.706842 34.184794,2,TX,TH
"USA, Plainview (TX)",USA,Plainview,34.184794,-101.706842,"DEU, Jena (TH)",DEU,Jena,50.927054,11.589237,1947-11-20,-101.706842 34.184794 -101.706842 34.184794,2,TX,TH
"USA, Lubbock (TX)",USA,Lubbock,33.577863,-101.855166,"DEU, Jena (TH)",DEU,Jena,50.927054,11.589237,1948-01-05,-101.855166 33.577863 -101.855166 33.577863,6,TX,TH
"USA, Lubbock (TX)",USA,Lubbock,33.577863,-101.855166,"DEU, Jena (TH)",DEU,Jena,50.927054,11.589237,1948-04-21,-101.855166 33.577863 -101.855166 33.577863,6,TX,TH
"USA, Sweetwater (TX)",USA,Sweetwater,32.470952,-100.405938,"DEU, Jena (TH)",DEU,Jena,50.927054,11.589237,1948-06-07,-100.405938 32.470952 -100.405938 32.470952,2,TX,TH
"USA, Sweetwater (TX)",USA,Sweetwater,32.470952,-100.405938,"DEU, Jena (TH)",DEU,Jena,50.927054,11.589237,1948-08-09,-100.405938 32.470952 -100.405938 32.470952,2,TX,TH
"USA, Lubbock (TX)",USA,Lubbock,33.577863,-101.855166,"DEU, Jena (TH)",DEU,Jena,50.927054,11.589237,1948-10-18,-101.855166 33.577863 -101.855166 33.577863,6,TX,TH
"USA, Spur (TX)",USA,Spur,33.476477,-100.855686,"DEU, Jena (TH)",DEU,Jena,50.927054,11.589237,1949-01-22,-100.855686 33.476477 -100.855686 33.476477,1,TX,TH
"USA, Haskell (TX)",USA,Haskell,33.157603,-99.733701,"DEU, Jena (TH)",DEU,Jena,50.927054,11.589237,1949-05-06,-99.733701 33.157603 -99.733701 33.157603,2,TX,TH
"USA, Lubbock (TX)",USA,Lubbock,33.577863,-101.855166,"DEU, Jena (TH)",DEU,Jena,50.927054,11.589237,1949-07-13,-101.855166 33.577863 -101.855166 33.577863,6,TX,TH
"USA, Lamesa (TX)",USA,Lamesa,32.7376,-101.950992,"DEU, Jena (TH)",DEU,Jena,50.927054,11.589237,1949-08-25,-101.950992 32.7376 -101.950992 32.7376,3,TX,TH
"USA, Lamesa (TX)",USA,Lamesa,32.7376,-101.950992,"DEU, Jena (TH)",DEU,Jena,50.927054,11.589237,1949-11-06,-101.950992 32.7376 -101.950992 32.7376,3,TX,TH
"USA, Lamesa (TX)",USA,Lamesa,32.7376,-101.950992,"DEU, Jena (TH)",DEU,Jena,50.927054,11.589237,1949-12-21,-101.950992 32.7376 -101.950992 32.7376,3,TX,TH
"USA, Rochester (NY)",USA,Rochester,43.16103,-77.610922,"DEU, Jena (TH)",DEU,Jena,50.927054,11.589237,1950-07-04,-77.610922 43.16103 -77.610922 43.16103,9,NY,TH
"USA, Lubbock (TX)",USA,Lubbock,33.577863,-101.855166,"DEU, Jena (TH)",DEU,Jena,50.927054,11.589237,1950-11-12,-101.855166 33.577863 -101.855166 33.577863,6,TX,TH
"USA, Big Spring (TX)",USA,Big Spring,32.250398,-101.478735,"DEU, Jena (TH)",DEU,Jena,50.927054,11.589237,1951-01-05,-101.478735 32.250398 -101.478735 32.250398,1,TX,TH
"USA, Haskell (TX)",USA,Haskell,33.157603,-99.733701,"DEU, Jena (TH)",DEU,Jena,50.927054,11.589237,1951-03-19,-99.733701 33.157603 -99.733701 33.157603,2,TX,TH
"USA, Seymour (TX)",USA,Seymour,33.594261,-99.260353,"DEU, Jena (TH)",DEU,Jena,50.927054,11.589237,1951-04-08,-99.260353 33.594261 -99.260353 33.594261,2,TX,TH
"USA, Seymour (TX)",USA,Seymour,33.594261,-99.260353,"DEU, Jena (TH)",DEU,Jena,50.927054,11.589237,1951-05-28,-99.260353 33.594261 -99.260353 33.594261,2,TX,TH
"USA, Guanah (TX)",USA,Guanah,34.297855,-99.740372,"DEU, Jena (TH)",DEU,Jena,50.927054,11.589237,1951-11-20,-99.740372 34.297855 -99.740372 34.297855,1,TX,TH
"USA, Lubbock (TX)",USA,Lubbock,33.577863,-101.855166,"DEU, Jena (TH)",DEU,Jena,50.927054,11.589237,1952-04-03,-101.855166 33.577863 -101.855166 33.577863,6,TX,TH
"USA, Perryto (TX)",USA,Perryto,36.400031,-100.802651,"DEU, Jena (TH)",DEU,Jena,50.927054,11.589237,1953-11-02,-100.802651 36.400031 -100.802651 36.400031,1,TX,TH
"USA, Burlington (CO)",USA,Burlington,39.306108,-102.269356,"DEU, Jena (TH)",DEU,Jena,50.927054,11.589237,1954-08-25,-102.269356 39.306108 -102.269356 39.306108,1,CO,TH
"USA, Stratton (CO)",USA,Stratton,39.303328,-102.604645,"DEU, Jena (TH)",DEU,Jena,50.927054,11.589237,1955-01-21,-102.604645 39.303328 -102.604645 39.303328,1,CO,TH
"USA, Ozona (TX)",USA,Ozona,30.702225,-101.201382,"DEU, Jena (TH)",DEU,Jena,50.927054,11.589237,1958-11-24,-101.201382 30.702225 -101.201382 30.702225,2,TX,TH
"USA, Ozona (TX)",USA,Ozona,30.702225,-101.201382,"DEU, Jena (TH)",DEU,Jena,50.927054,11.589237,1959-01-27,-101.201382 30.702225 -101.201382 30.702225,2,TX,TH
"USA, Seminole (TX)",USA,Seminole,32.718993,-102.64491,"DEU, Jena (TH)",DEU,Jena,50.927054,11.589237,1966-02-15,-102.64491 32.718993 -102.64491 32.718993,3,TX,TH
"USA, Seminole (TX)",USA,Seminole,32.718993,-102.64491,"DEU, Jena (TH)",DEU,Jena,50.927054,11.589237,1967-10-18,-102.64491 32.718993 -102.64491 32.718993,3,TX,TH
"USA, Seminole (TX)",USA,Seminole,32.718993,-102.64491,"DEU, Jena (TH)",DEU,Jena,50.927054,11.589237,1968-03-27,-102.64491 32.718993 -102.64491 32.718993,3,TX,TH
"USA, Cleveland (OH)",USA,Cleveland,41.49932,-81.694361,"DEU, Remptendorf (TH)",DEU,Remptendorf,50.528715,11.659751,1861-09-12,-81.694361 41.49932 -81.694361 41.49932,2,OH,TH
"USA, Cleveland (OH)",USA,Cleveland,41.49932,-81.694361,"DEU, Remptendorf (TH)",DEU,Remptendorf,50.528715,11.659751,1862-05-26,-81.694361 41.49932 -81.694361 41.49932,2,OH,TH
"USA, Covington (KY)",USA,Covington,39.083671,-84.508554,"DEU, Remptendorf (TH)",DEU,Remptendorf,50.528715,11.659751,1862-09-22,-84.508554 39.083671 -84.508554 39.083671,1,KY,TH
"USA, Ohio (OH)",USA,Ohio,40.417287,-82.907123,"DEU, Remptendorf (TH)",DEU,Remptendorf,50.528715,11.659751,1863-03-30,-82.907123 40.417287 -82.907123 40.417287,2,OH,TH
"USA, Ohio (OH)",USA,Ohio,40.417287,-82.907123,"DEU, Remptendorf (TH)",DEU,Remptendorf,50.528715,11.659751,1863-04-24,-82.907123 40.417287 -82.907123 40.417287,2,OH,TH
"USA, O. Folly Island (SC)",USA,O. Folly Island,32.665642,-79.920669,"DEU, Remptendorf (TH)",DEU,Remptendorf,50.528715,11.659751,1863-09-08,-79.920669 32.665642 -79.920669 32.665642,2,SC,TH
"USA, O. Folly Island (SC)",USA,O. Folly Island,32.665642,-79.920669,"DEU, Remptendorf (TH)",DEU,Remptendorf,50.528715,11.659751,1863-11-15,-79.920669 32.665642 -79.920669 32.665642,2,SC,TH
"USA, Fernandina (FL)",USA,Fernandina,30.332184,-81.655651,"DEU, Remptendorf (TH)",DEU,Remptendorf,50.528715,11.659751,1864-06-20,-81.655651 30.332184 -81.655651 30.332184,7,FL,TH
"USA, Fernandina (FL)",USA,Fernandina,30.332184,-81.655651,"DEU, Remptendorf (TH)",DEU,Remptendorf,50.528715,11.659751,1864-08-16,-81.655651 30.332184 -81.655651 30.332184,7,FL,TH
"USA, Fernandina (FL)",USA,Fernandina,30.332184,-81.655651,"DEU, Remptendorf (TH)",DEU,Remptendorf,50.528715,11.659751,1864-09-01,-81.655651 30.332184 -81.655651 30.332184,7,FL,TH
"USA, Fernandina (FL)",USA,Fernandina,30.332184,-81.655651,"DEU, Remptendorf (TH)",DEU,Remptendorf,50.528715,11.659751,1865-01-20,-81.655651 30.332184 -81.655651 30.332184,7,FL,TH
"USA, Fernandina (FL)",USA,Fernandina,30.332184,-81.655651,"DEU, Remptendorf (TH)",DEU,Remptendorf,50.528715,11.659751,1865-03-12,-81.655651 30.332184 -81.655651 30.332184,7,FL,TH
"USA, Fernandina (FL)",USA,Fernandina,30.332184,-81.655651,"DEU, Remptendorf (TH)",DEU,Remptendorf,50.528715,11.659751,1866-01-11,-81.655651 30.332184 -81.655651 30.332184,7,FL,TH
"USA, Jacksonville (FL)",USA,Jacksonville,30.332184,-81.655651,"DEU, Remptendorf (TH)",DEU,Remptendorf,50.528715,11.659751,1866-03-12,-81.655651 30.332184 -81.655651 30.332184,7,FL,TH
"USA, St. Augustine (FL)",USA,St. Augustine,29.901244,-81.312434,"DEU, Remptendorf (TH)",DEU,Remptendorf,50.528715,11.659751,1866-06-01,-81.312434 29.901244 -81.312434 29.901244,5,FL,TH
"USA, St. Augustine (FL)",USA,St. Augustine,29.901244,-81.312434,"DEU, Remptendorf (TH)",DEU,Remptendorf,50.528715,11.659751,1867-03-24,-81.312434 29.901244 -81.312434 29.901244,5,FL,TH
"USA, St. Augustine (FL)",USA,St. Augustine,29.901244,-81.312434,"DEU, Remptendorf (TH)",DEU,Remptendorf,50.528715,11.659751,1867-06-15,-81.312434 29.901244 -81.312434 29.901244,5,FL,TH
"USA, St. Augustine (FL)",USA,St. Augustine,29.901244,-81.312434,"DEU, Remptendorf (TH)",DEU,Remptendorf,50.528715,11.659751,1867-10-23,-81.312434 29.901244 -81.312434 29.901244,5,FL,TH
"USA, St. Augustine (FL)",USA,St. Augustine,29.901244,-81.312434,"DEU, Remptendorf (TH)",DEU,Remptendorf,50.528715,11.659751,1868-05-14,-81.312434 29.901244 -81.312434 29.901244,5,FL,TH
"USA, New York (NY)",USA,New York,40.712784,-74.005941000000007,"DEU, Remptendorf (TH)",DEU,Remptendorf,50.528715,11.659751,1916-02-18,-74.005941 40.712784 -74.005941 40.712784,260,NY,TH
"USA, New York (NY)",USA,New York,40.712784,-74.005941000000007,"DEU, Remptendorf (TH)",DEU,Remptendorf,50.528715,11.659751,1928-09-03,-74.005941 40.712784 -74.005941 40.712784,260,NY,TH
"USA, Blue Ridge Summit (PA)",USA,Blue Ridge Summit,39.724262,-77.471378,"DEU, Remptendorf (TH)",DEU,Remptendorf,50.528715,11.659751,1952-11-20,-77.471378 39.724262 -77.471378 39.724262,18,PA,TH
"USA, Blue Ridge Summit (PA)",USA,Blue Ridge Summit,39.724262,-77.471378,"DEU, Remptendorf (TH)",DEU,Remptendorf,50.528715,11.659751,1953-06-15,-77.471378 39.724262 -77.471378 39.724262,18,PA,TH
"USA, Blue Ridge Summit (PA)",USA,Blue Ridge Summit,39.724262,-77.471378,"DEU, Remptendorf (TH)",DEU,Remptendorf,50.528715,11.659751,1953-12-19,-77.471378 39.724262 -77.471378 39.724262,18,PA,TH
"USA, Blue Ridge Summit (PA)",USA,Blue Ridge Summit,39.724262,-77.471378,"DEU, Remptendorf (TH)",DEU,Remptendorf,50.528715,11.659751,1956-12-10,-77.471378 39.724262 -77.471378 39.724262,18,PA,TH
"USA, Blue Ridge Summit (PA)",USA,Blue Ridge Summit,39.724262,-77.471378,"DEU, Remptendorf (TH)",DEU,Remptendorf,50.528715,11.659751,1957-02-14,-77.471378 39.724262 -77.471378 39.724262,18,PA,TH
"USA, Blue Ridge Summit (PA)",USA,Blue Ridge Summit,39.724262,-77.471378,"DEU, Remptendorf (TH)",DEU,Remptendorf,50.528715,11.659751,1957-05-31,-77.471378 39.724262 -77.471378 39.724262,18,PA,TH
"USA, Blue Ridge Summit (PA)",USA,Blue Ridge Summit,39.724262,-77.471378,"DEU, Remptendorf (TH)",DEU,Remptendorf,50.528715,11.659751,1957-09-19,-77.471378 39.724262 -77.471378 39.724262,18,PA,TH
"USA, Blue Ridge Summit (PA)",USA,Blue Ridge Summit,39.724262,-77.471378,"DEU, Remptendorf (TH)",DEU,Remptendorf,50.528715,11.659751,1958-09-05,-77.471378 39.724262 -77.471378 39.724262,18,PA,TH
"USA, Blue Ridge Summit (PA)",USA,Blue Ridge Summit,39.724262,-77.471378,"DEU, Remptendorf (TH)",DEU,Remptendorf,50.528715,11.659751,1958-12-17,-77.471378 39.724262 -77.471378 39.724262,18,PA,TH
"USA, Blue Ridge Summit (PA)",USA,Blue Ridge Summit,39.724262,-77.471378,"DEU, Remptendorf (TH)",DEU,Remptendorf,50.528715,11.659751,1960-12-31,-77.471378 39.724262 -77.471378 39.724262,18,PA,TH
"USA, Blue Ridge Summit (PA)",USA,Blue Ridge Summit,39.724262,-77.471378,"DEU, Remptendorf (TH)",DEU,Remptendorf,50.528715,11.659751,1961-01-20,-77.471378 39.724262 -77.471378 39.724262,18,PA,TH
"USA, Blue Ridge Summit (PA)",USA,Blue Ridge Summit,39.724262,-77.471378,"DEU, Remptendorf (TH)",DEU,Remptendorf,50.528715,11.659751,1963-02-11,-77.471378 39.724262 -77.471378 39.724262,18,PA,TH
"USA, Blue Ridge Summit (PA)",USA,Blue Ridge Summit,39.724262,-77.471378,"DEU, Remptendorf (TH)",DEU,Remptendorf,50.528715,11.659751,1963-12-03,-77.471378 39.724262 -77.471378 39.724262,18,PA,TH
"USA, Blue Ridge Summit (PA)",USA,Blue Ridge Summit,39.724262,-77.471378,"DEU, Remptendorf (TH)",DEU,Remptendorf,50.528715,11.659751,1964-12-14,-77.471378 39.724262 -77.471378 39.724262,18,PA,TH
"USA, Blue Ridge Summit (PA)",USA,Blue Ridge Summit,39.724262,-77.471378,"DEU, Remptendorf (TH)",DEU,Remptendorf,50.528715,11.659751,1965-01-05,-77.471378 39.724262 -77.471378 39.724262,18,PA,TH
"USA, Blue Ridge Summit (PA)",USA,Blue Ridge Summit,39.724262,-77.471378,"DEU, Remptendorf (TH)",DEU,Remptendorf,50.528715,11.659751,1965-09-17,-77.471378 39.724262 -77.471378 39.724262,18,PA,TH
"USA, Blue Ridge Summit (PA)",USA,Blue Ridge Summit,39.724262,-77.471378,"DEU, Remptendorf (TH)",DEU,Remptendorf,50.528715,11.659751,1965-11-30,-77.471378 39.724262 -77.471378 39.724262,18,PA,TH
"USA, Blue Ridge Summit (PA)",USA,Blue Ridge Summit,39.724262,-77.471378,"DEU, Remptendorf (TH)",DEU,Remptendorf,50.528715,11.659751,1966-10-14,-77.471378 39.724262 -77.471378 39.724262,18,PA,TH
"USA, Chicago (IL)",USA,Chicago,41.878114,-87.629798,"DEU, Remptendorf (TH)",DEU,Remptendorf,50.528715,11.659751,1908-05-05,-87.629798 41.878114 -87.629798 41.878114,22,IL,TH
"USA, Orange (NJ)",USA,Orange,40.770619,-74.232648,"DEU, Remptendorf (TH)",DEU,Remptendorf,50.528715,11.659751,1856-03-06,-74.232648 40.770619 -74.232648 40.770619,4,NJ,TH
"USA, Orange (NJ)",USA,Orange,40.770619,-74.232648,"DEU, Remptendorf (TH)",DEU,Remptendorf,50.528715,11.659751,1866-01-26,-74.232648 40.770619 -74.232648 40.770619,4,NJ,TH
"USA, Warrensville (OH)",USA,Warrensville,41.326467,-76.945521,"DEU, Remptendorf (TH)",DEU,Remptendorf,50.528715,11.659751,1879-11-10,-76.945521 41.326467 -76.945521 41.326467,3,OH,TH
"USA, Warrensville (OH)",USA,Warrensville,41.326467,-76.945521,"DEU, Remptendorf (TH)",DEU,Remptendorf,50.528715,11.659751,1880-03-10,-76.945521 41.326467 -76.945521 41.326467,3,OH,TH
"USA, Warrensville (OH)",USA,Warrensville,41.326467,-76.945521,"DEU, Remptendorf (TH)",DEU,Remptendorf,50.528715,11.659751,1883-05-29,-76.945521 41.326467 -76.945521 41.326467,3,OH,TH
"USA, Ann Arbor (MI)",USA,Ann Arbor,42.280826,-83.743038,"DEU, Remptendorf (TH)",DEU,Remptendorf,50.528715,11.659751,1905-10-29,-83.743038 42.280826 -83.743038 42.280826,4,MI,TH
"USA, Ann Arbor (MI)",USA,Ann Arbor,42.280826,-83.743038,"DEU, Remptendorf (TH)",DEU,Remptendorf,50.528715,11.659751,1906-02-11,-83.743038 42.280826 -83.743038 42.280826,4,MI,TH
"USA, Homer (OH)",USA,Homer,40.252612,-82.518687,"DEU, Remptendorf (TH)",DEU,Remptendorf,50.528715,11.659751,1906-09-11,-82.518687 40.252612 -82.518687 40.252612,1,OH,TH
"USA, Ann Arbor (MI)",USA,Ann Arbor,42.280826,-83.743038,"DEU, Remptendorf (TH)",DEU,Remptendorf,50.528715,11.659751,1906-10-14,-83.743038 42.280826 -83.743038 42.280826,4,MI,TH
"USA, Ann Arbor (MI)",USA,Ann Arbor,42.280826,-83.743038,"DEU, Remptendorf (TH)",DEU,Remptendorf,50.528715,11.659751,1907-07-13,-83.743038 42.280826 -83.743038 42.280826,4,MI,TH
"USA, Orange (NJ)",USA,Orange,40.770619,-74.232648,"DEU, Remptendorf (TH)",DEU,Remptendorf,50.528715,11.659751,1920-05-24,-74.232648 40.770619 -74.232648 40.770619,4,NJ,TH
"USA, Orange (NJ)",USA,Orange,40.770619,-74.232648,"DEU, Remptendorf (TH)",DEU,Remptendorf,50.528715,11.659751,1921-05-24,-74.232648 40.770619 -74.232648 40.770619,4,NJ,TH
"USA, New York (NY)",USA,New York,40.712784,-74.005941000000007,"DEU, Remptendorf (TH)",DEU,Remptendorf,50.528715,11.659751,1930-02-06,-74.005941 40.712784 -74.005941 40.712784,260,NY,TH
"USA, New York (NY)",USA,New York,40.712784,-74.005941000000007,"DEU, Remptendorf (TH)",DEU,Remptendorf,50.528715,11.659751,1950-03-23,-74.005941 40.712784 -74.005941 40.712784,260,NY,TH
"USA, New York (NY)",USA,New York,40.712784,-74.005941000000007,"DEU, Remptendorf (TH)",DEU,Remptendorf,50.528715,11.659751,1952-04-23,-74.005941 40.712784 -74.005941 40.712784,260,NY,TH
"USA, New York (NY)",USA,New York,40.712784,-74.005941000000007,"DEU, Remptendorf (TH)",DEU,Remptendorf,50.528715,11.659751,1953-11-18,-74.005941 40.712784 -74.005941 40.712784,260,NY,TH
"USA, New York (NY)",USA,New York,40.712784,-74.005941000000007,"DEU, Remptendorf (TH)",DEU,Remptendorf,50.528715,11.659751,1955-03-29,-74.005941 40.712784 -74.005941 40.712784,260,NY,TH
"USA, New York (NY)",USA,New York,40.712784,-74.005941000000007,"DEU, Remptendorf (TH)",DEU,Remptendorf,50.528715,11.659751,1955-07-13,-74.005941 40.712784 -74.005941 40.712784,260,NY,TH
"USA, Columbus (OH)",USA,Columbus,39.961176,-82.998794,"DEU, Remptendorf (TH)",DEU,Remptendorf,50.528715,11.659751,1933-12-15,-82.998794 39.961176 -82.998794 39.961176,7,OH,TH
"USA, Columbus (OH)",USA,Columbus,39.961176,-82.998794,"DEU, Remptendorf (TH)",DEU,Remptendorf,50.528715,11.659751,1954-01-18,-82.998794 39.961176 -82.998794 39.961176,7,OH,TH
"USA, Columbus (OH)",USA,Columbus,39.961176,-82.998794,"DEU, Remptendorf (TH)",DEU,Remptendorf,50.528715,11.659751,1955-10-24,-82.998794 39.961176 -82.998794 39.961176,7,OH,TH
"USA, Columbus (OH)",USA,Columbus,39.961176,-82.998794,"DEU, Remptendorf (TH)",DEU,Remptendorf,50.528715,11.659751,1957-03-18,-82.998794 39.961176 -82.998794 39.961176,7,OH,TH
"USA, Columbus (OH)",USA,Columbus,39.961176,-82.998794,"DEU, Remptendorf (TH)",DEU,Remptendorf,50.528715,11.659751,1958-06-24,-82.998794 39.961176 -82.998794 39.961176,7,OH,TH
"USA, Columbus (OH)",USA,Columbus,39.961176,-82.998794,"DEU, Remptendorf (TH)",DEU,Remptendorf,50.528715,11.659751,1959-02-12,-82.998794 39.961176 -82.998794 39.961176,7,OH,TH
"USA, Wood Ridge (NJ)",USA,Wood Ridge,40.845656,-74.087919,"DEU, Remptendorf (TH)",DEU,Remptendorf,50.528715,11.659751,1933-02-02,-74.087919 40.845656 -74.087919 40.845656,2,NJ,TH
"USA, Wood Ridge (NJ)",USA,Wood Ridge,40.845656,-74.087919,"DEU, Remptendorf (TH)",DEU,Remptendorf,50.528715,11.659751,1933-03-14,-74.087919 40.845656 -74.087919 40.845656,2,NJ,TH
"USA, Jersey City (NJ)",USA,Jersey City,40.728157,-74.077642,"DEU, Remptendorf (TH)",DEU,Remptendorf,50.528715,11.659751,1892-01-25,-74.077642 40.728157 -74.077642 40.728157,10,NJ,TH
"USA, Jersey City (NJ)",USA,Jersey City,40.728157,-74.077642,"DEU, Remptendorf (TH)",DEU,Remptendorf,50.528715,11.659751,1892-07-16,-74.077642 40.728157 -74.077642 40.728157,10,NJ,TH
"USA, Princeton (NJ)",USA,Princeton,40.357298,-74.667223,"DEU, Remptendorf (TH)",DEU,Remptendorf,50.528715,11.659751,1893-01-13,-74.667223 40.357298 -74.667223 40.357298,1,NJ,TH
"USA, New York (NY) (NJ)",USA,New York  (NJ),40.78306,-73.971249,"DEU, Remptendorf (TH)",DEU,Remptendorf,50.528715,11.659751,1893-07-16,-73.971249 40.78306 -73.971249 40.78306,1,NY,TH
"USA, Port Cester (NY)",USA,Port Cester,41.001764,-73.665683,"DEU, Remptendorf (TH)",DEU,Remptendorf,50.528715,11.659751,1895-01-14,-73.665683 41.001764 -73.665683 41.001764,1,NY,TH
"USA, Jersey City (NJ)",USA,Jersey City,40.728157,-74.077642,"DEU, Remptendorf (TH)",DEU,Remptendorf,50.528715,11.659751,1896-11-12,-74.077642 40.728157 -74.077642 40.728157,10,NJ,TH
"USA, Jersey City (NJ)",USA,Jersey City,40.728157,-74.077642,"DEU, Remptendorf (TH)",DEU,Remptendorf,50.528715,11.659751,1898-02-11,-74.077642 40.728157 -74.077642 40.728157,10,NJ,TH
"USA, Jersey City (NJ)",USA,Jersey City,40.728157,-74.077642,"DEU, Remptendorf (TH)",DEU,Remptendorf,50.528715,11.659751,1898-07-12,-74.077642 40.728157 -74.077642 40.728157,10,NJ,TH
"USA, Jersey City (NJ)",USA,Jersey City,40.728157,-74.077642,"DEU, Remptendorf (TH)",DEU,Remptendorf,50.528715,11.659751,1899-06-12,-74.077642 40.728157 -74.077642 40.728157,10,NJ,TH
"USA, Jersey City (NJ)",USA,Jersey City,40.728157,-74.077642,"DEU, Remptendorf (TH)",DEU,Remptendorf,50.528715,11.659751,1899-11-01,-74.077642 40.728157 -74.077642 40.728157,10,NJ,TH
"USA, Jersey City (NJ)",USA,Jersey City,40.728157,-74.077642,"DEU, Remptendorf (TH)",DEU,Remptendorf,50.528715,11.659751,1900-10-17,-74.077642 40.728157 -74.077642 40.728157,10,NJ,TH
"USA, Jersey City (NJ)",USA,Jersey City,40.728157,-74.077642,"DEU, Remptendorf (TH)",DEU,Remptendorf,50.528715,11.659751,1902-05-05,-74.077642 40.728157 -74.077642 40.728157,10,NJ,TH
"USA, Jersey City (NJ)",USA,Jersey City,40.728157,-74.077642,"DEU, Remptendorf (TH)",DEU,Remptendorf,50.528715,11.659751,1902-11-09,-74.077642 40.728157 -74.077642 40.728157,10,NJ,TH
"USA, Rutherford (NJ)",USA,Rutherford,40.826489,-74.106809,"DEU, Remptendorf (TH)",DEU,Remptendorf,50.528715,11.659751,1904-06-02,-74.106809 40.826489 -74.106809 40.826489,1,NJ,TH
"USA, Carlstadt (NJ)",USA,Carlstadt,40.840378,-74.090697,"DEU, Remptendorf (TH)",DEU,Remptendorf,50.528715,11.659751,1905-12-13,-74.090697 40.840378 -74.090697 40.840378,19,NJ,TH
"USA, Carlstadt (NJ)",USA,Carlstadt,40.840378,-74.090697,"DEU, Remptendorf (TH)",DEU,Remptendorf,50.528715,11.659751,1906-11-07,-74.090697 40.840378 -74.090697 40.840378,19,NJ,TH
"USA, Carlstadt (NJ)",USA,Carlstadt,40.840378,-74.090697,"DEU, Remptendorf (TH)",DEU,Remptendorf,50.528715,11.659751,1907-02-05,-74.090697 40.840378 -74.090697 40.840378,19,NJ,TH
"USA, Carlstadt (NJ)",USA,Carlstadt,40.840378,-74.090697,"DEU, Remptendorf (TH)",DEU,Remptendorf,50.528715,11.659751,1907-05-15,-74.090697 40.840378 -74.090697 40.840378,19,NJ,TH
"USA, Carlstadt (NJ)",USA,Carlstadt,40.840378,-74.090697,"DEU, Remptendorf (TH)",DEU,Remptendorf,50.528715,11.659751,1907-06-17,-74.090697 40.840378 -74.090697 40.840378,19,NJ,TH
"USA, Carlstadt (NJ)",USA,Carlstadt,40.840378,-74.090697,"DEU, Remptendorf (TH)",DEU,Remptendorf,50.528715,11.659751,1907-08-07,-74.090697 40.840378 -74.090697 40.840378,19,NJ,TH
"USA, Carlstadt (NJ)",USA,Carlstadt,40.840378,-74.090697,"DEU, Remptendorf (TH)",DEU,Remptendorf,50.528715,11.659751,1908-12-18,-74.090697 40.840378 -74.090697 40.840378,19,NJ,TH
"USA, Carlstadt (NJ)",USA,Carlstadt,40.840378,-74.090697,"DEU, Remptendorf (TH)",DEU,Remptendorf,50.528715,11.659751,1909-07-01,-74.090697 40.840378 -74.090697 40.840378,19,NJ,TH
"USA, Carlstadt (NJ)",USA,Carlstadt,40.840378,-74.090697,"DEU, Remptendorf (TH)",DEU,Remptendorf,50.528715,11.659751,1909-12-21,-74.090697 40.840378 -74.090697 40.840378,19,NJ,TH
"USA, Carlstadt (NJ)",USA,Carlstadt,40.840378,-74.090697,"DEU, Remptendorf (TH)",DEU,Remptendorf,50.528715,11.659751,1912-12-10,-74.090697 40.840378 -74.090697 40.840378,19,NJ,TH
"USA, Carlstadt (NJ)",USA,Carlstadt,40.840378,-74.090697,"DEU, Remptendorf (TH)",DEU,Remptendorf,50.528715,11.659751,1915-01-04,-74.090697 40.840378 -74.090697 40.840378,19,NJ,TH
"USA, Carlstadt (NJ)",USA,Carlstadt,40.840378,-74.090697,"DEU, Remptendorf (TH)",DEU,Remptendorf,50.528715,11.659751,1915-10-02,-74.090697 40.840378 -74.090697 40.840378,19,NJ,TH
"USA, Carlstadt (NJ)",USA,Carlstadt,40.840378,-74.090697,"DEU, Remptendorf (TH)",DEU,Remptendorf,50.528715,11.659751,1921-02-01,-74.090697 40.840378 -74.090697 40.840378,19,NJ,TH
"USA, Carlstadt (NJ)",USA,Carlstadt,40.840378,-74.090697,"DEU, Remptendorf (TH)",DEU,Remptendorf,50.528715,11.659751,1921-12-05,-74.090697 40.840378 -74.090697 40.840378,19,NJ,TH
"USA, Carlstadt (NJ)",USA,Carlstadt,40.840378,-74.090697,"DEU, Remptendorf (TH)",DEU,Remptendorf,50.528715,11.659751,1929-12-08,-74.090697 40.840378 -74.090697 40.840378,19,NJ,TH
"USA, Carlstadt (NJ)",USA,Carlstadt,40.840378,-74.090697,"DEU, Remptendorf (TH)",DEU,Remptendorf,50.528715,11.659751,1930-01-26,-74.090697 40.840378 -74.090697 40.840378,19,NJ,TH
"USA, Carlstadt (NJ)",USA,Carlstadt,40.840378,-74.090697,"DEU, Remptendorf (TH)",DEU,Remptendorf,50.528715,11.659751,1930-03-06,-74.090697 40.840378 -74.090697 40.840378,19,NJ,TH
"USA, Carlstadt (NJ)",USA,Carlstadt,40.840378,-74.090697,"DEU, Remptendorf (TH)",DEU,Remptendorf,50.528715,11.659751,1930-12-05,-74.090697 40.840378 -74.090697 40.840378,19,NJ,TH
"USA, Carlstadt (NJ)",USA,Carlstadt,40.840378,-74.090697,"DEU, Remptendorf (TH)",DEU,Remptendorf,50.528715,11.659751,1932-12-08,-74.090697 40.840378 -74.090697 40.840378,19,NJ,TH
"DEU, Sebnitz (S)",DEU,Sebnitz,50.970912,14.273873,"USA, Carlstadt (NJ)",USA,Carlstadt,40.840378,-74.090697,1921-01-03,14.273873 50.970912 14.273873 50.970912,1,S,NJ
"USA, Lime Ridge (WI)",USA,Lime Ridge,43.467759,-90.154849,"DEU, Remptendorf (TH)",DEU,Remptendorf,50.528715,11.659751,1933-12-15,-90.154849 43.467759 -90.154849 43.467759,3,WI,TH
"USA, Lime Ridge (WI)",USA,Lime Ridge,43.467759,-90.154849,"DEU, Remptendorf (TH)",DEU,Remptendorf,50.528715,11.659751,1964-12-18,-90.154849 43.467759 -90.154849 43.467759,3,WI,TH
"USA, Lime Ridge (WI)",USA,Lime Ridge,43.467759,-90.154849,"DEU, Remptendorf (TH)",DEU,Remptendorf,50.528715,11.659751,1967-12-15,-90.154849 43.467759 -90.154849 43.467759,3,WI,TH
"USA, Alma (MO)",USA,Alma,39.095074,-93.545537,"USA, Douglas, Douglas County (WA)",USA,"Douglas, Douglas County",47.621243,-120.004785,1921-06-25,-93.545537 39.095074 -93.545537 39.095074,1,MO,WA
"USA, St. Louis (MO)",USA,St. Louis,38.627003,-90.199404,"USA, Conway (AR)",USA,Conway,35.088696,-92.442101,1881-12-08,-90.199404 38.627003 -90.199404 38.627003,107,MO,AR
"USA, St. Louis (MO)",USA,St. Louis,38.627003,-90.199404,"USA, Conway (AR)",USA,Conway,35.088696,-92.442101,1881-12-09,-90.199404 38.627003 -90.199404 38.627003,107,MO,AR
"USA, Monroe (LA)",USA,Monroe,32.509311,-92.119301,"USA, Brenham (TX)",USA,Brenham,30.166883,-96.397744,1862-09-28,-92.119301 32.509311 -92.119301 32.509311,2,LA,TX
"USA, Washington Co. (TX)",USA,Washington Co.,30.235296,-96.365157,"USA, Brenham (TX)",USA,Brenham,30.166883,-96.397744,1863-03-08,-96.365157 30.235296 -96.365157 30.235296,1,TX,TX
"USA, Richmond (TX)",USA,Richmond,29.582181,-95.760783,"USA, Brenham (TX)",USA,Brenham,30.166883,-96.397744,1863-08-19,-95.760783 29.582181 -95.760783 29.582181,1,TX,TX
"USA, Eagle Lake (TX)",USA,Eagle Lake,29.589684,-96.333577,"USA, Brenham (TX)",USA,Brenham,30.166883,-96.397744,1863-09-07,-96.333577 29.589684 -96.333577 29.589684,1,TX,TX
"USA, Brenham (TX)",USA,Brenham,30.166883,-96.397744,"USA, Eagle Lake (TX)",USA,Eagle Lake,29.589684,-96.333577,1863-09-09,-96.397744 30.166883 -96.397744 30.166883,13,TX,TX
"USA, Brenham (TX)",USA,Brenham,30.166883,-96.397744,"USA, Eagle Lake (TX)",USA,Eagle Lake,29.589684,-96.333577,1863-11-18,-96.397744 30.166883 -96.397744 30.166883,13,TX,TX
"USA, Sealy (TX)",USA,Sealy,29.780788,-96.157183,"USA, Brenham (TX)",USA,Brenham,30.166883,-96.397744,1863-11-08,-96.157183 29.780788 -96.157183 29.780788,1,TX,TX
"USA, Houston (TX)",USA,Houston,29.760427,-95.369803,"USA, Brenham (TX)",USA,Brenham,30.166883,-96.397744,1863-11-22,-95.369803 29.760427 -95.369803 29.760427,9,TX,TX
"USA, Sandy Point (TX)",USA,Sandy Point,29.385517,-95.481053,"USA, Brenham (TX)",USA,Brenham,30.166883,-96.397744,1863-11-27,-95.481053 29.385517 -95.481053 29.385517,1,TX,TX
"USA, Houston (TX)",USA,Houston,29.760427,-95.369803,"USA, Brenham (TX)",USA,Brenham,30.166883,-96.397744,1863-12-09,-95.369803 29.760427 -95.369803 29.760427,9,TX,TX
"USA, Houston (TX)",USA,Houston,29.760427,-95.369803,"USA, Brenham (TX)",USA,Brenham,30.166883,-96.397744,1863-12-17,-95.369803 29.760427 -95.369803 29.760427,9,TX,TX
"USA, Houston (TX)",USA,Houston,29.760427,-95.369803,"USA, Brenham (TX)",USA,Brenham,30.166883,-96.397744,1863-12-19,-95.369803 29.760427 -95.369803 29.760427,9,TX,TX
"USA, Houston (TX)",USA,Houston,29.760427,-95.369803,"USA, Brenham (TX)",USA,Brenham,30.166883,-96.397744,1863-12-31,-95.369803 29.760427 -95.369803 29.760427,9,TX,TX
"USA, Houston (TX)",USA,Houston,29.760427,-95.369803,"USA, Brenham (TX)",USA,Brenham,30.166883,-96.397744,1864-01-04,-95.369803 29.760427 -95.369803 29.760427,9,TX,TX
"USA, Houston (TX)",USA,Houston,29.760427,-95.369803,"USA, Brenham (TX)",USA,Brenham,30.166883,-96.397744,1864-01-16,-95.369803 29.760427 -95.369803 29.760427,9,TX,TX
"USA, Houston (TX)",USA,Houston,29.760427,-95.369803,"USA, Brenham (TX)",USA,Brenham,30.166883,-96.397744,1864-02-02,-95.369803 29.760427 -95.369803 29.760427,9,TX,TX
"USA, Leesville (LA)",USA,Leesville,31.143519,-93.260998,"USA, Brenham (TX)",USA,Brenham,30.166883,-96.397744,1864-04-27,-93.260998 31.143519 -93.260998 31.143519,1,LA,TX
"USA, Alexandria (LA)",USA,Alexandria,31.311294,-92.445137,"USA, Brenham (TX)",USA,Brenham,30.166883,-96.397744,1864-04-29,-92.445137 31.311294 -92.445137 31.311294,3,LA,TX
"USA, Alexandria (LA)",USA,Alexandria,31.311294,-92.445137,"USA, Brenham (TX)",USA,Brenham,30.166883,-96.397744,1864-05-06,-92.445137 31.311294 -92.445137 31.311294,3,LA,TX
"USA, Alexandria (LA)",USA,Alexandria,31.311294,-92.445137,"USA, Brenham (TX)",USA,Brenham,30.166883,-96.397744,1864-05-09,-92.445137 31.311294 -92.445137 31.311294,3,LA,TX
"USA, Brenham (TX)",USA,Brenham,30.166883,-96.397744,"USA, Alexandria (LA)",USA,Alexandria,31.311294,-92.445137,1864-05-17,-96.397744 30.166883 -96.397744 30.166883,13,TX,LA
"USA, New Orleans (LA)",USA,New Orleans,29.951066,-90.071532,"USA, Brenham (TX)",USA,Brenham,30.166883,-96.397744,1864-06-15,-90.071532 29.951066 -90.071532 29.951066,2,LA,TX
"USA, Brenham (TX)",USA,Brenham,30.166883,-96.397744,"USA, Hardin (TX)",USA,Hardin,30.152435,-94.739089,1903-10-01,-96.397744 30.166883 -96.397744 30.166883,13,TX,TX
"USA, St. Louis (MO)",USA,St. Louis,38.627003,-90.199404,"USA, St. Louis (MO)",USA,St. Louis,38.627003,-90.199404,1891-02-07,-90.199404 38.627003 -90.199404 38.627003,107,MO,MO
"USA, Washingon (DC)",USA,Washingon,38.907192,-77.036871,"USA, New York (NY)",USA,New York,40.712784,-74.005941000000007,1863-03-18,-77.036871 38.907192 -77.036871 38.907192,2,DC,NY
"USA, in the field near Stafford (VA)",USA,in the field near Stafford,38.512742,-77.365958,"USA, New York (NY)",USA,New York,40.712784,-74.005941000000007,1863-03-22,-77.365958 38.512742 -77.365958 38.512742,1,VA,NY
"USA, New York (NY)",USA,New York,40.712784,-74.005941000000007,"USA, Steubenville (OH)",USA,Steubenville,40.369791,-80.633964,1839-06-13,-74.005941 40.712784 -74.005941 40.712784,260,NY,OH
"USA, Columbus (OH)",USA,Columbus,39.961176,-82.998794,"USA, Pittsburgh (PA)",USA,Pittsburgh,40.440625,-79.995886,1838-08-09,-82.998794 39.961176 -82.998794 39.961176,7,OH,PA
"USA, Hempstead (TX)",USA,Hempstead,30.097441,-96.078292,"USA, Industry (TX)",USA,Industry,29.972446,-96.502193,1862-04-03,-96.078292 30.097441 -96.078292 30.097441,1,TX,TX
"USA, Brenham (TX)",USA,Brenham,30.166883,-96.397744,"USA, Industry (TX)",USA,Industry,29.972446,-96.502193,1862-05-21,-96.397744 30.166883 -96.397744 30.166883,13,TX,TX
"USA, Camp Waul (TX)",USA,Camp Waul,31.968599,-99.901813,"USA, Industry (TX)",USA,Industry,29.972446,-96.502193,1862-05-28,-99.901813 31.968599 -99.901813 31.968599,5,TX,TX
"USA, Camp Waul (TX)",USA,Camp Waul,31.968599,-99.901813,"USA, Industry (TX)",USA,Industry,29.972446,-96.502193,1862-06-14,-99.901813 31.968599 -99.901813 31.968599,5,TX,TX
"USA, Camp Waul (TX)",USA,Camp Waul,31.968599,-99.901813,"USA, Industry (TX)",USA,Industry,29.972446,-96.502193,1862-07-21,-99.901813 31.968599 -99.901813 31.968599,5,TX,TX
"USA, Camp Waul (TX)",USA,Camp Waul,31.968599,-99.901813,"USA, Industry (TX)",USA,Industry,29.972446,-96.502193,1862-07-28,-99.901813 31.968599 -99.901813 31.968599,5,TX,TX
"USA, Camp Waul (TX)",USA,Camp Waul,31.968599,-99.901813,"USA, Industry (TX)",USA,Industry,29.972446,-96.502193,1862-08-01,-99.901813 31.968599 -99.901813 31.968599,5,TX,TX
"USA, Caldwell (TX)",USA,Caldwell,30.531315,-96.69303,"USA, Industry (TX)",USA,Industry,29.972446,-96.502193,1862-08-21,-96.69303 30.531315 -96.69303 30.531315,1,TX,TX
"USA, Camp Pin Oak Creek, Robertson County (TX)",USA,"Camp Pin Oak Creek, Robertson County",31.008,-96.49298,"USA, Industry (TX)",USA,Industry,29.972446,-96.502193,1862-08-24,-96.49298 31.008 -96.49298 31.008,1,TX,TX
"USA, Camp on Cedar Creek north of Wheelock, Robertson County (TX)",USA,"Camp on Cedar Creek north of Wheelock, Robertson County",30.89769,-96.389964,"USA, Industry (TX)",USA,Industry,29.972446,-96.502193,1862-08-25,-96.389964 30.89769 -96.389964 30.89769,1,TX,TX
"USA, Camp on Navesota Lake, Madison County (TX)",USA,"Camp on Navesota Lake, Madison County",30.988848,-95.940971,"USA, Industry (TX)",USA,Industry,29.972446,-96.502193,1862-08-26,-95.940971 30.988848 -95.940971 30.988848,1,TX,TX
"USA, Camp in Leon County (TX)",USA,Camp in Leon County,29.246999,-103.012284,"USA, Industry (TX)",USA,Industry,29.972446,-96.502193,1862-08-28,-103.012284 29.246999 -103.012284 29.246999,1,TX,TX
"USA, Camp east of the Neces, Cherokee County (TX)",USA,"Camp east of the Neces, Cherokee County",31.798183,-95.143207,"USA, Industry (TX)",USA,Industry,29.972446,-96.502193,1862-09-05,-95.143207 31.798183 -95.143207 31.798183,1,TX,TX
"USA, Camp on the Angelina River, Nacogdoches County (TX)",USA,"Camp on the Angelina River, Nacogdoches County",31.635307,-94.645035,"USA, Industry (TX)",USA,Industry,29.972446,-96.502193,1862-09-07,-94.645035 31.635307 -94.645035 31.635307,1,TX,TX
"USA, Camp Voigt, Platts Springs, 13 miles east of Shreveport (LA)",USA,"Camp Voigt, Platts Springs, 13 miles east of Shreveport",32.525152,-93.750179,"USA, Industry (TX)",USA,Industry,29.972446,-96.502193,1862-09-17,-93.750179 32.525152 -93.750179 32.525152,2,LA,TX
"USA, Camp Voigt, Platts Springs, 13 miles east of Shreveport (LA)",USA,"Camp Voigt, Platts Springs, 13 miles east of Shreveport",32.525152,-93.750179,"USA, Industry (TX)",USA,Industry,29.972446,-96.502193,1862-09-21,-93.750179 32.525152 -93.750179 32.525152,2,LA,TX
"USA, Monroe, Washita Parish (LA)",USA,"Monroe, Washita Parish",32.509311,-92.119301,"USA, Industry (TX)",USA,Industry,29.972446,-96.502193,1862-09-28,-92.119301 32.509311 -92.119301 32.509311,2,LA,TX
"USA, Vicksburg (MS)",USA,Vicksburg,32.352646,-90.877882,"USA, Industry (TX)",USA,Industry,29.972446,-96.502193,1862-10-05,-90.877882 32.352646 -90.877882 32.352646,14,MS,TX
"USA, Vicksburg (MS)",USA,Vicksburg,32.352646,-90.877882,"USA, Industry (TX)",USA,Industry,29.972446,-96.502193,1862-10-07,-90.877882 32.352646 -90.877882 32.352646,14,MS,TX
"USA, Holly Springs (MS)",USA,Holly Springs,34.767597,-89.448689,"USA, Industry (TX)",USA,Industry,29.972446,-96.502193,1862-10-18,-89.448689 34.767597 -89.448689 34.767597,4,MS,TX
"USA, Holly Springs (MS)",USA,Holly Springs,34.767597,-89.448689,"USA, Industry (TX)",USA,Industry,29.972446,-96.502193,1862-10-21,-89.448689 34.767597 -89.448689 34.767597,4,MS,TX
"USA, Camp Cold Water, six miles north of Holly Springs (MS)",USA,"Camp Cold Water, six miles north of Holly Springs",34.767597,-89.448689,"USA, Industry (TX)",USA,Industry,29.972446,-96.502193,1862-11-03,-89.448689 34.767597 -89.448689 34.767597,4,MS,TX
"USA, Camp on Hatchie River 18 miles south of Holly Springs (MS)",USA,Camp on Hatchie River 18 miles south of Holly Springs,34.767597,-89.448689,"USA, Industry (TX)",USA,Industry,29.972446,-96.502193,1862-11-12,-89.448689 34.767597 -89.448689 34.767597,4,MS,TX
"USA, Camp Tippah Ford 8 miles south of Abbeville (MS)",USA,Camp Tippah Ford 8 miles south of Abbeville,34.503159,-89.503137,"USA, Industry (TX)",USA,Industry,29.972446,-96.502193,1862-11-14,-89.503137 34.503159 -89.503137 34.503159,1,MS,TX
"USA, Camp Rocks Ford (MS)/USA, Grenada (MS)",USA,"Camp Rocks Ford /USA, Grenada (MS)",33.769005,-89.808419,"USA, Industry (TX)",USA,Industry,29.972446,-96.502193,1862-12-10,-89.808419 33.769005 -89.808419 33.769005,7,MS,TX
"USA, Grenada (MS)",USA,Grenada,33.769005,-89.808419,"USA, Houston (TX)",USA,Houston,29.760427,-95.369803,1862-12-18,-89.808419 33.769005 -89.808419 33.769005,7,MS,TX
"USA, Grenada (MS)",USA,Grenada,33.769005,-89.808419,"USA, Houston (TX)",USA,Houston,29.760427,-95.369803,1862-12-29,-89.808419 33.769005 -89.808419 33.769005,7,MS,TX
"USA, Grenada (MS)",USA,Grenada,33.769005,-89.808419,"USA, Houston (TX)",USA,Houston,29.760427,-95.369803,1863-01-07,-89.808419 33.769005 -89.808419 33.769005,7,MS,TX
"USA, Grenada (MS)",USA,Grenada,33.769005,-89.808419,"USA, Houston (TX)",USA,Houston,29.760427,-95.369803,1863-01-11,-89.808419 33.769005 -89.808419 33.769005,7,MS,TX
"USA, Grenada (MS)",USA,Grenada,33.769005,-89.808419,"USA, Houston (TX)",USA,Houston,29.760427,-95.369803,1863-01-18,-89.808419 33.769005 -89.808419 33.769005,7,MS,TX
"USA, Vicksburg (MS)",USA,Vicksburg,32.352646,-90.877882,"USA, Houston (TX)",USA,Houston,29.760427,-95.369803,1863-02-10,-90.877882 32.352646 -90.877882 32.352646,14,MS,TX
"USA, Vicksburg (MS)",USA,Vicksburg,32.352646,-90.877882,"USA, Houston (TX)",USA,Houston,29.760427,-95.369803,1863-02-11,-90.877882 32.352646 -90.877882 32.352646,14,MS,TX
"USA, Vicksburg (MS)",USA,Vicksburg,32.352646,-90.877882,"USA, Houston (TX)",USA,Houston,29.760427,-95.369803,1863-02-25,-90.877882 32.352646 -90.877882 32.352646,14,MS,TX
"USA, Vicksburg (MS)",USA,Vicksburg,32.352646,-90.877882,"USA, Houston (TX)",USA,Houston,29.760427,-95.369803,1863-03-02,-90.877882 32.352646 -90.877882 32.352646,14,MS,TX
"USA, Yazoo City (MS)",USA,Yazoo City,32.855133,-90.405647,"USA, Houston (TX)",USA,Houston,29.760427,-95.369803,1863-03-08,-90.405647 32.855133 -90.405647 32.855133,2,MS,TX
"USA, Fort Pemberton (MS)",USA,Fort Pemberton,33.530882,-90.233851,"USA, Houston (TX)",USA,Houston,29.760427,-95.369803,1863-03-17,-90.233851 33.530882 -90.233851 33.530882,4,MS,TX
"USA, Fort Pemberton (MS)",USA,Fort Pemberton,33.530882,-90.233851,"USA, Houston (TX)",USA,Houston,29.760427,-95.369803,1863-03-23,-90.233851 33.530882 -90.233851 33.530882,4,MS,TX
"USA, Fort Pemberton (MS)",USA,Fort Pemberton,33.530882,-90.233851,"USA, Houston (TX)",USA,Houston,29.760427,-95.369803,1863-03-31,-90.233851 33.530882 -90.233851 33.530882,4,MS,TX
"USA, Fort Point Leflore (MS)",USA,Fort Point Leflore,33.636191,-90.349637,"USA, Houston (TX)",USA,Houston,29.760427,-95.369803,1863-04-26,-90.349637 33.636191 -90.349637 33.636191,1,MS,TX
"USA, Fort Pemberton (MS)",USA,Fort Pemberton,33.530882,-90.233851,"USA, Houston (TX)",USA,Houston,29.760427,-95.369803,1863-05-11,-90.233851 33.530882 -90.233851 33.530882,4,MS,TX
"USA, Yazoo City (MS)",USA,Yazoo City,32.855133,-90.405647,"USA, Houston (TX)",USA,Houston,29.760427,-95.369803,1863-06-05,-90.405647 32.855133 -90.405647 32.855133,2,MS,TX
"USA, near Vicksburg (MS)",USA,near Vicksburg,32.352646,-90.877882,"USA, Houston (TX)",USA,Houston,29.760427,-95.369803,1863-07-17,-90.877882 32.352646 -90.877882 32.352646,14,MS,TX
"USA, Vicksburg (MS)",USA,Vicksburg,32.352646,-90.877882,"USA, Houston (TX)",USA,Houston,29.760427,-95.369803,1863-07-21,-90.877882 32.352646 -90.877882 32.352646,14,MS,TX
"USA, New York (NY)",USA,New York,40.712784,-74.005941000000007,"USA, Houston (TX)",USA,Houston,29.760427,-95.369803,1865-04-11,-74.005941 40.712784 -74.005941 40.712784,260,NY,TX
"USA, Leavenworth (KS)",USA,Leavenworth,39.311111,-94.922464,"USA, Evansville (IN)",USA,Evansville,37.971559,-87.57109,1862-08-31,-94.922464 39.311111 -94.922464 39.311111,2,KS,IN
"USA, Hermann (MO)",USA,Hermann,38.704212,-91.437384,"USA, Kansas City (KS)",USA,Kansas City,39.114053,-94.627464,1896-05-20,-91.437384 38.704212 -91.437384 38.704212,1,MO,KS
"USA, Lock Haven (PA)",USA,Lock Haven,41.137013,-77.446926,"USA, Kansas City (KS)",USA,Kansas City,39.114053,-94.627464,1895-05-24,-77.446926 41.137013 -77.446926 41.137013,1,PA,KS
